finance_id,date_id,region_id,department_id,revenue,operating_cost,maintenance_cost,budgeted_cost,profit
1,20240101,1,1,182582.53,102232.67,13152.83,103002.57,67197.03
2,20240101,1,2,227162.2,133370.07,21336.95,146028.95,72455.18
3,20240101,1,3,1201288.79,767672.96,24341.12,745448.58,409274.71
4,20240101,1,4,986811.84,683159.81,103508.54,708170.42,200143.49
5,20240101,1,5,710839.63,479820.69,138024.92,551888.24,92994.02
6,20240101,1,6,272211.5,175469.11,19924.36,181732.7,76818.03
7,20240101,1,7,557038.37,360063.01,59377.13,397500.82,137598.23
8,20240101,1,8,412915.04,286309.98,36062.31,296190.58,90542.75
9,20240101,2,1,130908.82,66899.5,2360.98,65608.01,61648.34
10,20240101,2,2,171787.2,93761.3,4147.14,99581.55,73878.76
11,20240101,2,3,881434.19,528052.61,4831.09,513805.12,348550.49
12,20240101,2,4,739540.63,469235.77,20085.16,479870.29,250219.7
13,20240101,2,5,510831.31,292502.77,26984.69,291013.32,191343.85
14,20240101,2,6,207322.94,120224.77,4064.39,123046.52,83033.78
15,20240101,2,7,395646.95,231965.98,10969.85,244990.02,152711.12
16,20240101,2,8,290499.47,188381.68,7704.96,185765.96,94412.83
17,20240101,3,1,96425.78,50840.63,5744.36,51851.36,39840.79
18,20240101,3,2,118839.68,67560.9,9515.17,73755.77,41763.61
19,20240101,3,3,610345.01,374313.2,10501.13,362930.47,225530.68
20,20240101,3,4,556570.37,353128.42,43894.66,376051.14,159547.29
21,20240101,3,5,371481.5,231468.38,62363.26,243988.15,77649.86
22,20240101,3,6,146184.08,86415.02,9078.78,87485.67,50690.28
23,20240101,3,7,300374.66,188668.96,26889.32,207681.49,84816.38
24,20240101,3,8,224690.9,144947.01,16828.68,150103.31,62915.21
25,20240101,4,1,61128.64,30101.89,4768.74,32535.74,26258.01
26,20240101,4,2,76069.29,41491.14,7242.5,46132.93,27335.65
27,20240101,4,3,408108.57,241947.95,8825.24,237039.97,157335.38
28,20240101,4,4,322869.98,202371.83,37960.1,207714.66,82538.05
29,20240101,4,5,245898.69,150791.61,53449.44,173655.23,41657.64
30,20240101,4,6,89778.68,50031.7,7836.21,50912.83,31910.77
31,20240101,4,7,177574.82,107036.73,21839.68,112065.11,48698.41
32,20240101,4,8,130618.24,82152.08,13477.63,83400.62,34988.53
33,20240101,5,1,25533.8,13945.43,2867.04,15620.59,8721.33
34,20240101,5,2,32629.69,18775.97,4762.95,20288.8,9090.77
35,20240101,5,3,166281.0,101647.6,6131.02,99968.44,58502.38
36,20240101,5,4,148917.56,106854.72,22652.64,116949.18,19410.2
37,20240101,5,5,101336.45,59457.06,33772.47,70441.45,8106.92
38,20240101,5,6,40545.77,24565.49,4876.84,25659.34,11103.44
39,20240101,5,7,77604.63,50996.23,14440.57,56997.56,12167.83
40,20240101,5,8,57975.97,40502.91,8916.66,45334.56,8556.4
41,20240201,1,1,186356.07,104649.89,14243.69,108036.21,67462.49
42,20240201,1,2,245654.2,143876.91,24993.97,147627.93,76783.32
43,20240201,1,3,1191560.05,775561.13,30676.53,820963.39,385322.39
44,20240201,1,4,1086603.77,723075.21,119286.55,770913.77,244242.01
45,20240201,1,5,749219.18,486584.06,161823.32,537393.86,100811.8
46,20240201,1,6,274244.38,174553.75,23488.9,183364.5,76201.73
47,20240201,1,7,579543.81,366078.09,67117.9,373453.72,146347.82
48,20240201,1,8,428694.13,295246.66,42719.72,303350.99,90727.75
49,20240201,2,1,137357.71,68901.46,2875.39,72722.78,65580.86
50,20240201,2,2,166887.75,91336.42,5004.18,95868.93,70547.15
51,20240201,2,3,861661.17,512554.52,6036.43,521557.23,343070.22
52,20240201,2,4,719906.69,461302.2,22186.11,473422.33,236418.38
53,20240201,2,5,556948.49,317302.7,31414.35,343819.78,208231.44
54,20240201,2,6,212084.19,125962.21,4583.0,128923.11,81538.98
55,20240201,2,7,404622.86,235956.95,14217.89,230365.44,154448.02
56,20240201,2,8,297757.63,188437.74,8457.12,193535.73,100862.77
57,20240201,3,1,103709.13,53641.96,1906.79,53532.33,48160.38
58,20240201,3,2,122424.92,66928.19,3478.75,69124.57,52017.98
59,20240201,3,3,626365.8,373032.47,3758.06,370947.93,249575.27
60,20240201,3,4,567114.27,378349.3,15396.0,387570.18,173368.97
61,20240201,3,5,387382.53,244904.4,23292.49,244076.25,119185.64
62,20240201,3,6,146847.55,85683.1,3376.67,91085.66,57787.78
63,20240201,3,7,294127.69,178174.74,9301.87,187363.74,106651.08
64,20240201,3,8,229252.16,152122.41,5599.47,148529.89,71530.28
65,20240201,4,1,62746.25,31204.66,3880.24,33679.67,27661.35
66,20240201,4,2,78917.67,42519.63,6192.47,43455.09,30205.57
67,20240201,4,3,411422.08,233022.21,7123.68,234378.01,171276.19
68,20240201,4,4,344786.38,217855.25,29217.85,231687.48,97713.28
69,20240201,4,5,249111.7,145670.13,41504.91,165894.71,61936.66
70,20240201,4,6,95758.47,55716.33,6347.85,58356.12,33694.29
71,20240201,4,7,185181.0,108914.47,16568.61,111863.31,59697.92
72,20240201,4,8,144836.21,90174.91,11558.27,95000.87,43103.03
73,20240201,5,1,26544.1,13963.02,3164.4,15068.3,9416.68
74,20240201,5,2,33417.37,19419.33,5550.26,22038.29,8447.78
75,20240201,5,3,168125.31,107550.01,6310.7,110214.53,54264.6
76,20240201,5,4,148569.54,104928.45,26718.7,109960.57,16922.39
77,20240201,5,5,104672.62,56901.89,39396.92,68890.8,8373.81
78,20240201,5,6,41288.55,25830.5,5700.54,27326.88,9757.51
79,20240201,5,7,80871.47,50577.1,15400.02,58687.61,14894.35
80,20240201,5,8,61717.89,42607.69,10092.06,47240.07,9018.14
81,20240301,1,1,198328.8,109730.98,16791.36,115130.8,71806.46
82,20240301,1,2,247648.41,141760.0,27252.14,150053.25,78636.27
83,20240301,1,3,1266261.29,789617.87,35399.35,821615.55,441244.07
84,20240301,1,4,1129980.18,749655.12,129210.7,814355.63,251114.36
85,20240301,1,5,780796.84,514962.76,189808.78,555214.23,76025.3
86,20240301,1,6,303341.45,190935.3,29010.83,207932.64,83395.32
87,20240301,1,7,603841.37,390172.33,76393.33,428869.32,137275.71
88,20240301,1,8,463363.76,325946.41,50195.92,360294.67,87221.43
89,20240301,2,1,138017.13,69897.43,3425.26,74258.52,64694.44
90,20240301,2,2,184154.86,97692.45,5781.85,96688.07,80680.56
91,20240301,2,3,956045.71,564277.08,6476.93,562822.7,385291.7
92,20240301,2,4,749386.21,477683.03,27248.7,509048.17,244454.48
93,20240301,2,5,561820.31,333868.08,36576.19,357210.54,191376.04
94,20240301,2,6,218080.77,128500.86,5717.16,124380.98,83862.75
95,20240301,2,7,433971.26,256857.62,15601.96,255125.56,161511.68
96,20240301,2,8,323716.75,209159.91,10435.4,211094.45,104121.44
97,20240301,3,1,108217.17,57588.56,5540.61,57159.1,45088.0
98,20240301,3,2,129975.03,74567.56,8794.44,74284.59,46613.03
99,20240301,3,3,666392.91,415490.01,10792.14,428576.69,240110.76
100,20240301,3,4,567743.69,371619.48,43104.33,385184.55,153019.88
101,20240301,3,5,432994.71,276720.66,62647.76,288579.74,93626.29
102,20240301,3,6,157179.18,92414.51,8982.47,100087.81,55782.2
103,20240301,3,7,311262.33,197421.07,23997.51,215695.84,89843.75
104,20240301,3,8,236427.22,158665.23,16066.31,171990.83,61695.68
105,20240301,4,1,62306.38,31074.89,3486.26,32376.83,27745.23
106,20240301,4,2,79454.96,42598.24,5664.91,44018.92,31191.81
107,20240301,4,3,406105.54,236374.03,6720.99,232370.1,163010.52
108,20240301,4,4,353998.49,222760.0,27760.85,236343.35,103477.64
109,20240301,4,5,266996.8,160027.4,36947.37,167369.52,70022.03
110,20240301,4,6,96351.37,55001.64,5844.02,56752.81,35505.71
111,20240301,4,7,186364.71,110167.51,15504.74,117424.16,60692.46
112,20240301,4,8,143127.47,92509.74,9827.29,99433.9,40790.44
113,20240301,5,1,26974.93,14458.17,4113.33,16359.08,8403.43
114,20240301,5,2,34629.13,19896.63,6743.44,21443.82,7989.06
115,20240301,5,3,184524.16,116034.1,8001.16,123556.14,60488.9
116,20240301,5,4,149382.31,107722.25,32616.81,117335.1,9043.25
117,20240301,5,5,112712.73,53777.39,49918.32,68601.99,9017.02
118,20240301,5,6,41743.48,26605.34,6837.18,28962.01,8300.96
119,20240301,5,7,82555.21,53357.51,19047.26,60896.45,10150.44
120,20240301,5,8,63740.03,42350.45,12847.32,46948.01,8542.26
121,20240401,1,1,210722.64,114890.63,12973.74,119545.45,82858.27
122,20240401,1,2,248200.84,147525.8,21505.17,159875.63,79169.87
123,20240401,1,3,1288626.12,811282.99,26704.01,786042.79,450639.12
124,20240401,1,4,1111984.6,749720.69,103736.61,782630.41,258527.3
125,20240401,1,5,853632.8,570140.31,140826.29,646085.31,142666.2
126,20240401,1,6,305993.35,187085.75,21194.62,185493.04,97712.98
127,20240401,1,7,611851.89,402042.49,58470.25,411171.46,151339.15
128,20240401,1,8,466928.3,323692.39,37114.06,320541.7,106121.85
129,20240401,2,1,142353.09,69882.52,3596.89,73361.56,68873.68
130,20240401,2,2,180191.23,99236.96,5801.12,103482.47,75153.15
131,20240401,2,3,930589.61,541920.79,7631.96,552458.86,381036.86
132,20240401,2,4,786133.19,490282.92,28309.36,482011.03,267540.91
133,20240401,2,5,581554.16,332468.6,43947.86,355481.82,205137.7
134,20240401,2,6,212075.99,119968.45,5943.99,120035.33,86163.55
135,20240401,2,7,459204.88,280085.86,16631.45,291296.33,162487.57
136,20240401,2,8,317252.48,199738.63,10481.9,196141.28,107031.95
137,20240401,3,1,114493.73,59674.17,5724.73,61468.83,49094.83
138,20240401,3,2,138196.27,76992.72,8929.25,82511.48,52274.3
139,20240401,3,3,716219.76,426437.22,11402.15,429835.41,278380.39
140,20240401,3,4,591541.21,394900.63,43855.64,390167.96,152784.94
141,20240401,3,5,430345.47,263755.52,66092.58,285897.0,100497.37
142,20240401,3,6,167395.66,97926.74,9788.67,105153.44,59680.25
143,20240401,3,7,331674.46,202795.08,26441.28,213455.68,102438.1
144,20240401,3,8,250771.39,162312.75,17141.44,168194.32,71317.2
145,20240401,4,1,68753.35,34142.57,4006.92,34486.88,30603.86
146,20240401,4,2,85143.0,44738.89,6579.11,45449.41,33825.0
147,20240401,4,3,427841.01,248664.34,8518.15,256560.97,170658.52
148,20240401,4,4,366166.13,225898.65,32294.51,248809.93,107972.97
149,20240401,4,5,275781.66,163790.43,44733.66,177036.2,67257.57
150,20240401,4,6,100051.86,56577.57,6746.41,61308.33,36727.88
151,20240401,4,7,194247.5,112547.71,20174.84,120720.97,61524.95
152,20240401,4,8,145682.92,92223.35,12920.02,98977.62,40539.55
153,20240401,5,1,30235.15,16508.69,2921.88,18118.41,10804.58
154,20240401,5,2,37540.87,21983.8,5447.33,24684.62,10109.74
155,20240401,5,3,189733.61,116643.26,6304.24,120007.36,66786.11
156,20240401,5,4,152238.38,107435.24,25156.58,117134.44,19646.56
157,20240401,5,5,116461.03,73828.92,35417.21,83124.72,7214.9
158,20240401,5,6,42430.73,26892.88,4939.46,27377.35,10598.39
159,20240401,5,7,87914.88,57262.23,14255.27,64875.86,16397.38
160,20240401,5,8,63095.15,42343.47,9184.52,44164.48,11567.16
161,20240501,1,1,207420.68,116117.45,13973.95,115034.51,77329.28
162,20240501,1,2,258290.14,156154.3,24189.96,169243.91,77945.88
163,20240501,1,3,1378151.64,879342.61,28998.38,896585.35,469810.65
164,20240501,1,4,1200052.55,836819.91,116216.75,904707.79,247015.89
165,20240501,1,5,884013.13,593511.06,155729.21,667366.98,134772.86
166,20240501,1,6,323495.03,208782.64,23239.17,225133.53,91473.22
167,20240501,1,7,630464.94,412816.26,68732.97,455776.37,148915.71
168,20240501,1,8,478099.26,326896.88,43641.08,328418.16,107561.3
169,20240501,2,1,155389.87,78763.65,3258.07,76850.61,73368.15
170,20240501,2,2,187993.79,102245.04,5570.64,103019.66,80178.11
171,20240501,2,3,990322.66,599927.73,6506.16,572538.3,383888.77
172,20240501,2,4,841680.79,537741.93,27912.23,572467.77,276026.63
173,20240501,2,5,618357.32,362622.05,39976.68,391205.18,215758.59
174,20240501,2,6,235634.52,140472.88,5775.06,143234.77,89386.58
175,20240501,2,7,439375.98,260434.48,15279.96,268772.73,163661.54
176,20240501,2,8,349792.7,222508.5,9674.93,216774.29,117609.27
177,20240501,3,1,117624.93,59661.94,2054.77,59886.03,55908.22
178,20240501,3,2,140032.76,80648.88,3643.18,79560.03,55740.7
179,20240501,3,3,706466.41,426292.55,4431.75,432397.13,275742.11
180,20240501,3,4,644793.62,430545.55,16951.0,415257.17,197297.07
181,20240501,3,5,455440.2,292093.91,25108.85,288526.31,138237.44
182,20240501,3,6,168715.48,99586.92,3440.06,97097.73,65688.5
183,20240501,3,7,328871.17,200096.51,9584.77,208454.03,119189.89
184,20240501,3,8,258777.69,172984.56,6249.7,178143.09,79543.43
185,20240501,4,1,68077.05,33083.56,4028.86,34987.27,30964.63
186,20240501,4,2,89484.21,46028.74,6325.81,45909.29,37129.66
187,20240501,4,3,432543.71,248569.42,7858.3,242268.57,176115.99
188,20240501,4,4,366765.97,228872.8,31416.6,233160.34,106476.57
189,20240501,4,5,263866.47,156328.5,46177.17,180475.71,61360.8
190,20240501,4,6,107503.03,60901.52,6464.22,64506.49,40137.29
191,20240501,4,7,200538.66,116164.58,18656.3,121717.38,65717.78
192,20240501,4,8,158416.65,97270.58,12479.12,98968.84,48666.95
193,20240501,5,1,30234.61,16444.28,3807.28,17580.92,9983.05
194,20240501,5,2,37528.26,22169.92,6300.62,24098.44,9057.72
195,20240501,5,3,188902.13,116083.42,7971.86,120295.6,64846.85
196,20240501,5,4,170104.23,122543.1,32152.13,131897.92,15409.0
197,20240501,5,5,121004.11,65567.4,45756.38,78993.39,9680.33
198,20240501,5,6,45871.18,28679.01,6454.85,31274.27,10737.32
199,20240501,5,7,91997.22,57817.63,19155.89,65636.08,15023.7
200,20240501,5,8,67298.87,44853.44,12275.61,50923.86,10169.82
201,20240601,1,1,210180.4,116686.78,11929.73,115415.0,81563.89
202,20240601,1,2,262362.61,155821.7,21944.31,157386.47,84596.6
203,20240601,1,3,1445105.04,910279.18,24979.77,914254.33,509846.09
204,20240601,1,4,1199759.87,803197.95,104380.33,811145.89,292181.59
205,20240601,1,5,845171.09,564186.82,140307.05,642601.89,140677.22
206,20240601,1,6,330634.41,211933.23,20559.27,219684.85,98141.91
207,20240601,1,7,662789.1,427206.48,60354.08,460641.09,175228.54
208,20240601,1,8,494943.48,336854.76,38065.6,351400.19,120023.12
209,20240601,2,1,155801.2,76859.47,2809.68,75010.45,76132.05
210,20240601,2,2,193893.8,105619.09,4773.21,102029.6,83501.5
211,20240601,2,3,977044.55,578659.4,5453.58,590470.76,392931.57
212,20240601,2,4,824941.61,506745.11,20955.53,493608.01,297240.97
213,20240601,2,5,606864.9,362474.96,29494.05,364328.09,214895.89
214,20240601,2,6,228499.59,131940.84,4435.2,129706.62,92123.55
215,20240601,2,7,472553.72,276645.79,13005.5,292201.27,182902.43
216,20240601,2,8,341371.19,220909.5,8066.7,217799.84,112394.99
217,20240601,3,1,115463.58,61564.2,4229.2,60343.84,49670.18
218,20240601,3,2,140425.21,77239.87,6423.57,81588.19,56761.77
219,20240601,3,3,741869.36,457049.35,7627.18,444889.02,277192.83
220,20240601,3,4,639120.04,402986.88,33305.19,400284.2,202827.97
221,20240601,3,5,482055.83,303587.24,43338.41,309422.28,135130.18
222,20240601,3,6,178341.26,105426.22,6442.03,110526.36,66473.01
223,20240601,3,7,349208.93,219999.66,18887.57,232974.08,110321.7
224,20240601,3,8,256626.95,165517.94,11806.41,166720.17,79302.6
225,20240601,4,1,70992.47,33789.83,4420.02,34533.61,32782.62
226,20240601,4,2,90847.04,49394.19,7548.76,52100.44,33904.09
227,20240601,4,3,474441.35,278770.15,8359.29,268385.04,187311.91
228,20240601,4,4,388963.86,246360.82,34894.4,264992.12,107708.64
229,20240601,4,5,290342.59,179325.66,49517.61,187870.54,61499.32
230,20240601,4,6,110503.46,64029.53,7590.13,63466.1,38883.8
231,20240601,4,7,207961.1,121328.26,19836.44,130350.09,66796.4
232,20240601,4,8,164248.13,102335.76,13492.07,105152.12,48420.3
233,20240601,5,1,30770.67,16230.57,3927.1,17090.2,10613.0
234,20240601,5,2,39031.75,22874.44,6580.22,25125.12,9577.09
235,20240601,5,3,197202.94,125568.82,7769.28,124078.34,63864.84
236,20240601,5,4,167451.76,115841.88,31112.47,123380.48,20497.41
237,20240601,5,5,121741.92,65177.23,46825.34,79542.39,9739.35
238,20240601,5,6,44335.64,28152.34,6965.18,30024.74,9218.12
239,20240601,5,7,90195.75,56693.2,19305.63,66608.99,14196.92
240,20240601,5,8,68700.35,46001.39,11423.79,48543.81,11275.17
241,20240701,1,1,223207.79,126385.27,12546.75,126765.05,84275.77
242,20240701,1,2,268972.66,155895.73,21921.47,157596.59,91155.46
243,20240701,1,3,1471448.9,956355.14,23998.15,944967.05,491095.61
244,20240701,1,4,1167244.29,798886.88,94521.32,815920.28,273836.09
245,20240701,1,5,894632.93,599140.29,135232.01,654731.17,160260.63
246,20240701,1,6,315590.4,196926.58,20203.48,209663.09,98460.34
247,20240701,1,7,654619.47,414755.02,57808.88,416705.43,182055.57
248,20240701,1,8,499391.24,339024.93,38984.9,363011.53,121381.41
249,20240701,2,1,158056.16,80791.75,3003.64,85533.4,74260.77
250,20240701,2,2,191270.69,101557.16,5328.06,100843.47,84385.47
251,20240701,2,3,964623.21,581783.6,5817.49,605214.07,377022.12
252,20240701,2,4,843408.39,541625.26,23639.2,562323.62,278143.93
253,20240701,2,5,619659.67,349821.43,36000.56,365491.05,233837.68
254,20240701,2,6,233204.76,131506.28,4957.77,130927.28,96740.71
255,20240701,2,7,445698.82,271717.9,13826.11,268882.26,160154.81
256,20240701,2,8,361825.46,235527.08,9264.06,240282.33,117034.32
257,20240701,3,1,119091.16,63632.15,6158.2,63703.33,49300.81
258,20240701,3,2,144855.33,79733.07,10167.73,84540.18,54954.53
259,20240701,3,3,768705.47,466040.14,12486.14,487409.39,290179.19
260,20240701,3,4,617981.79,392081.07,46018.61,395223.11,179882.11
261,20240701,3,5,467080.08,302773.27,66835.3,317735.93,97471.51
262,20240701,3,6,176035.24,106932.97,10146.61,112771.95,58955.66
263,20240701,3,7,363571.64,222567.79,26413.56,236749.59,114590.29
264,20240701,3,8,258733.8,172983.78,17567.27,187261.62,68182.75
265,20240701,4,1,71603.06,35247.83,2647.8,35024.17,33707.43
266,20240701,4,2,88407.28,47890.62,4319.87,47744.6,36196.79
267,20240701,4,3,451491.52,265681.71,4897.97,262214.89,180911.84
268,20240701,4,4,380226.73,236401.84,19821.5,247140.93,124003.39
269,20240701,4,5,283509.44,172950.89,28859.55,178351.43,81699.0
270,20240701,4,6,110418.55,62768.13,4513.84,61815.44,43136.58
271,20240701,4,7,220105.02,128585.8,12308.35,129788.67,79210.87
272,20240701,4,8,158890.05,102033.14,7295.95,105510.25,49560.96
273,20240701,5,1,31744.94,16661.85,1904.55,17470.34,13178.54
274,20240701,5,2,36974.06,21849.85,3169.3,22838.07,11954.91
275,20240701,5,3,190897.41,119473.78,3999.78,117272.15,67423.85
276,20240701,5,4,168788.1,122751.36,15772.9,129146.23,30263.84
277,20240701,5,5,117557.45,76060.51,21456.06,80312.04,20040.88
278,20240701,5,6,45356.05,27350.19,3046.16,29135.71,14959.7
279,20240701,5,7,94661.78,61871.47,9465.44,67661.03,23324.87
280,20240701,5,8,66812.75,46384.35,5870.54,48822.69,14557.86
281,20240801,1,1,220098.32,123350.88,11314.27,125851.56,85433.17
282,20240801,1,2,272006.7,157089.87,18654.59,164894.65,96262.24
283,20240801,1,3,1360945.47,874599.32,23024.0,855284.12,463322.15
284,20240801,1,4,1174673.69,781682.03,96093.53,853522.9,296898.13
285,20240801,1,5,888214.97,572691.66,133040.68,592152.93,182482.63
286,20240801,1,6,334285.31,215437.31,19807.46,218476.52,99040.54
287,20240801,1,7,675594.89,443070.17,53855.89,456700.72,178668.83
288,20240801,1,8,498291.84,342660.35,35078.29,343209.58,120553.2
289,20240801,2,1,149936.82,76615.45,3204.13,76426.1,70117.24
290,20240801,2,2,192219.06,104600.37,5467.96,108482.22,82150.73
291,20240801,2,3,1006725.96,601222.99,6194.72,633303.48,399308.25
292,20240801,2,4,840875.53,517093.84,26770.09,521876.78,297011.6
293,20240801,2,5,594293.29,345682.11,37147.09,351101.66,211464.09
294,20240801,2,6,238342.71,138650.58,5124.57,147071.2,94567.56
295,20240801,2,7,471909.23,285505.64,14531.79,294541.41,171871.8
296,20240801,2,8,346415.29,224718.06,9127.29,226319.22,112569.94
297,20240801,3,1,114694.85,60083.38,4156.68,63454.51,50454.79
298,20240801,3,2,151668.82,86840.91,6641.2,85810.71,58186.71
299,20240801,3,3,787064.67,488903.58,8350.57,493455.86,289810.52
300,20240801,3,4,638157.82,418898.38,34105.04,436065.87,185154.4
301,20240801,3,5,454725.62,286282.39,47749.38,307361.64,120693.85
302,20240801,3,6,170858.3,101823.37,6839.73,105431.14,62195.2
303,20240801,3,7,351956.38,220139.06,19039.59,228807.18,112777.73
304,20240801,3,8,270857.36,181353.43,11899.87,185521.26,77604.06
305,20240801,4,1,68360.16,32905.8,3001.6,35378.26,32452.76
306,20240801,4,2,87289.48,46042.59,4945.97,46309.4,36300.92
307,20240801,4,3,447005.35,265055.49,6011.04,270591.94,175938.82
308,20240801,4,4,378462.88,238948.2,25450.36,246210.21,114064.32
309,20240801,4,5,274209.65,160911.01,37417.26,174349.44,75881.38
310,20240801,4,6,101143.51,56637.23,5436.67,59693.45,39069.61
311,20240801,4,7,211984.66,125129.13,13798.38,127151.49,73057.15
312,20240801,4,8,152068.34,96199.36,9427.85,98214.84,46441.13
313,20240801,5,1,30608.32,16357.63,5688.47,17451.76,8562.22
314,20240801,5,2,39304.74,22722.59,8497.4,25906.12,8084.75
315,20240801,5,3,191054.63,119905.86,10467.08,122080.47,60681.69
316,20240801,5,4,170834.1,112655.9,44511.47,125836.36,13666.73
317,20240801,5,5,117000.69,45418.89,62221.74,68052.1,9360.06
318,20240801,5,6,46809.59,29716.63,8813.31,31655.28,8279.65
319,20240801,5,7,88940.29,56865.58,25637.19,64692.54,6437.52
320,20240801,5,8,70374.46,47102.99,15319.5,52993.74,7951.97
321,20240901,1,1,232370.1,125483.5,11748.0,129195.22,95138.6
322,20240901,1,2,293163.05,170233.18,21096.92,186306.89,101832.95
323,20240901,1,3,1467688.55,949043.01,24788.21,930632.36,493857.33
324,20240901,1,4,1317511.51,899886.34,96221.79,904512.04,321403.38
325,20240901,1,5,930548.04,614414.58,132209.75,631124.97,183923.71
326,20240901,1,6,344925.71,219279.7,21197.35,216958.02,104448.66
327,20240901,1,7,694819.32,462897.6,54063.25,501982.74,177858.47
328,20240901,1,8,538015.1,365145.69,34680.6,367420.16,138188.81
329,20240901,2,1,166542.07,85425.4,4077.37,88953.07,77039.3
330,20240901,2,2,197095.84,105151.71,7235.68,108125.36,84708.45
331,20240901,2,3,1052481.7,606781.91,8891.47,615757.22,436808.32
332,20240901,2,4,873811.09,552997.07,34300.22,574211.07,286513.8
333,20240901,2,5,652247.77,382609.02,49451.65,418774.46,220187.1
334,20240901,2,6,234301.43,134324.11,6965.23,141699.89,93012.09
335,20240901,2,7,491272.29,286545.04,20900.09,294159.81,183827.16
336,20240901,2,8,349973.38,229902.91,13080.47,239902.04,106990.0
337,20240901,3,1,118970.92,60048.73,3819.62,61593.25,55102.57
338,20240901,3,2,151174.36,84718.89,6237.28,88892.79,60218.19
339,20240901,3,3,828886.84,493886.83,7458.53,502741.22,327541.48
340,20240901,3,4,662483.88,441511.37,29985.9,451273.57,190986.61
341,20240901,3,5,517057.6,326155.9,43390.1,357178.35,147511.6
342,20240901,3,6,180365.19,107005.22,6737.23,106533.81,66622.74
343,20240901,3,7,366861.95,230750.61,18562.95,233276.04,117548.39
344,20240901,3,8,277771.87,187800.35,12305.61,199080.35,77665.91
345,20240901,4,1,71741.49,34434.76,3433.04,36373.01,33873.69
346,20240901,4,2,88840.74,47846.75,5693.59,50910.35,35300.4
347,20240901,4,3,460252.24,262058.74,6503.83,274764.77,191689.67
348,20240901,4,4,416162.96,256304.05,28295.83,261685.23,131563.08
349,20240901,4,5,303042.72,182929.52,38438.63,195654.07,81674.57
350,20240901,4,6,112398.71,63913.83,5435.27,63193.33,43049.61
351,20240901,4,7,224478.61,134825.32,15645.25,133501.13,74008.04
352,20240901,4,8,164110.28,102742.69,10284.64,105422.68,51082.95
353,20240901,5,1,32191.94,17371.35,5367.86,18789.36,9452.73
354,20240901,5,2,39523.5,23290.35,8662.72,27130.41,7570.43
355,20240901,5,3,212902.29,130199.81,11100.43,137656.34,71602.05
356,20240901,5,4,172465.0,116633.09,42034.71,127778.09,13797.2
357,20240901,5,5,130623.18,59095.27,61078.06,79400.1,10449.85
358,20240901,5,6,47309.33,29043.64,8879.19,30632.28,9386.5
359,20240901,5,7,94232.08,60031.51,25735.87,65746.12,8464.7
360,20240901,5,8,70801.81,46766.19,17196.93,54712.3,6838.69
361,20241001,1,1,229556.4,123916.94,10570.62,131138.56,95068.84
362,20241001,1,2,305050.24,182648.99,16997.64,184649.03,105403.61
363,20241001,1,3,1615270.37,1029572.89,20601.79,1023142.26,565095.69
364,20241001,1,4,1366592.2,946394.31,85643.7,1007030.48,334554.19
365,20241001,1,5,942787.3,609284.8,122663.62,639158.26,210838.88
366,20241001,1,6,346663.53,217295.3,18949.07,231685.97,110419.16
367,20241001,1,7,723099.5,460373.13,51265.25,482527.54,211461.12
368,20241001,1,8,545331.32,383487.86,34066.87,382514.22,127776.59
369,20241001,2,1,169350.03,85629.91,3166.88,90780.66,80553.24
370,20241001,2,2,204470.52,108825.07,5057.96,109969.68,90587.49
371,20241001,2,3,1054238.81,603784.19,6162.56,625959.06,444292.06
372,20241001,2,4,955909.47,594650.04,23803.21,582106.62,337456.22
373,20241001,2,5,678223.7,396352.42,34550.11,427105.89,247321.17
374,20241001,2,6,242529.74,140022.58,5189.94,142376.45,97317.22
375,20241001,2,7,490867.73,297251.18,15380.79,287604.26,178235.76
376,20241001,2,8,358734.04,234176.16,9385.37,230250.5,115172.51
377,20241001,3,1,132886.03,67376.24,4712.65,71461.93,60797.14
378,20241001,3,2,155628.73,89312.44,7998.66,95008.51,58317.63
379,20241001,3,3,820379.11,506302.81,9281.26,498670.35,304795.04
380,20241001,3,4,697849.27,443446.45,39927.84,461438.6,214474.98
381,20241001,3,5,506703.54,325227.8,54253.48,345481.02,127222.26
382,20241001,3,6,201577.8,120046.91,8016.98,120418.66,73513.91
383,20241001,3,7,401622.03,253995.99,21820.61,251767.17,125805.43
384,20241001,3,8,281372.55,187466.0,15171.44,193312.13,78735.11
385,20241001,4,1,79728.06,39022.39,4708.24,40274.59,35997.43
386,20241001,4,2,98779.02,53449.68,7493.57,55636.8,37835.77
387,20241001,4,3,477394.9,285164.67,9714.91,302771.34,182515.32
388,20241001,4,4,425104.7,265134.68,34970.2,272662.54,124999.82
389,20241001,4,5,306131.74,183680.32,53067.38,194232.55,69384.04
390,20241001,4,6,114046.26,66389.45,7643.74,68459.46,40013.07
391,20241001,4,7,231663.12,135242.13,22466.73,148238.65,73954.26
392,20241001,4,8,166097.83,104290.15,14341.1,111833.92,47466.58
393,20241001,5,1,31690.58,16994.87,2713.91,17710.84,11981.8
394,20241001,5,2,40359.96,23570.6,4544.92,24149.67,12244.44
395,20241001,5,3,219485.54,139906.87,5286.07,142061.95,74292.6
396,20241001,5,4,185341.1,131538.05,20579.02,145580.33,33224.03
397,20241001,5,5,130191.61,85708.63,30689.35,94920.85,13793.63
398,20241001,5,6,47517.67,29846.21,4260.05,30363.32,13411.41
399,20241001,5,7,94941.86,59005.5,11917.36,62001.85,24019.0
400,20241001,5,8,76120.85,51930.33,7576.68,56374.44,16613.84
401,20241101,1,1,255015.22,142882.68,8539.11,150448.33,103593.43
402,20241101,1,2,300399.07,175643.99,15035.72,181591.57,109719.36
403,20241101,1,3,1559586.44,1000353.81,18362.27,998725.97,540870.36
404,20241101,1,4,1334436.46,893820.7,72317.39,931203.4,368298.37
405,20241101,1,5,989655.12,643190.52,101544.16,677454.75,244920.44
406,20241101,1,6,374276.79,239099.52,15202.32,250049.63,119974.95
407,20241101,1,7,755849.99,489368.83,39884.25,508056.34,226596.91
408,20241101,1,8,532138.37,376814.77,25904.3,369706.93,129419.3
409,20241101,2,1,165996.29,83134.63,4277.47,88162.85,78584.19
410,20241101,2,2,208113.24,113637.97,7418.0,112348.12,87057.27
411,20241101,2,3,1147906.37,669554.02,9314.63,647565.8,469037.72
412,20241101,2,4,966512.15,597143.43,36447.72,607510.22,332921.0
413,20241101,2,5,676641.3,401793.98,48548.23,424824.91,226299.09
414,20241101,2,6,263803.07,156556.5,7845.34,161795.46,99401.23
415,20241101,2,7,531074.59,318437.16,21387.16,323595.48,191250.27
416,20241101,2,8,386091.82,242524.56,13115.15,244311.47,130452.11
417,20241101,3,1,135681.11,72106.49,5334.39,73364.13,58240.23
418,20241101,3,2,169977.92,97797.37,9036.83,96498.97,63143.72
419,20241101,3,3,861942.01,515498.29,10311.24,544948.75,336132.48
420,20241101,3,4,763552.78,495967.38,40835.57,518489.64,226749.83
421,20241101,3,5,530873.72,324953.79,57306.6,355086.43,148613.33
422,20241101,3,6,191932.09,113263.9,8739.27,112562.82,69928.92
423,20241101,3,7,414072.2,251293.89,24060.81,270492.94,138717.5
424,20241101,3,8,311429.7,209235.75,14701.85,204439.69,87492.1
425,20241101,4,1,78823.42,38563.9,2987.24,39367.31,37272.28
426,20241101,4,2,96147.48,52285.72,4669.59,51770.7,39192.17
427,20241101,4,3,493931.4,290731.64,6194.76,294303.09,197005.0
428,20241101,4,4,421138.02,260836.82,22177.48,259349.88,138123.72
429,20241101,4,5,314308.46,193953.82,33743.86,206716.81,86610.78
430,20241101,4,6,123469.74,69980.14,5025.49,71170.12,48464.11
431,20241101,4,7,235981.14,136214.88,13034.32,142818.72,86731.94
432,20241101,4,8,180840.04,114539.16,8948.77,113715.91,57352.11
433,20241101,5,1,34858.4,19175.73,2271.14,19100.31,13411.53
434,20241101,5,2,41528.68,24497.35,4150.19,25512.19,12881.14
435,20241101,5,3,227111.82,145058.92,4939.25,152991.1,77113.65
436,20241101,5,4,194033.73,137220.22,19122.61,139128.15,37690.9
437,20241101,5,5,134581.7,89293.28,26433.41,102411.32,18855.01
438,20241101,5,6,49873.49,31062.94,4133.02,31560.08,14677.53
439,20241101,5,7,99354.59,62037.79,11769.05,65186.59,25547.75
440,20241101,5,8,75779.52,52769.24,7526.34,57915.85,15483.94
441,20241201,1,1,261227.16,140527.94,13946.33,142942.11,106752.89
442,20241201,1,2,314417.63,183073.05,23625.48,189937.03,107719.1
443,20241201,1,3,1658470.08,1091911.02,29761.46,1094021.26,536797.6
444,20241201,1,4,1438535.79,981185.0,123400.28,1017839.13,333950.51
445,20241201,1,5,991615.79,672637.66,164060.99,753135.78,154917.14
446,20241201,1,6,383108.73,247607.79,25084.66,256881.24,110416.28
447,20241201,1,7,782181.26,495668.58,71254.68,520697.32,215258.0
448,20241201,1,8,572350.43,392067.32,42413.06,421312.46,137870.05
449,20241201,2,1,176151.62,89086.22,2634.46,87704.81,84430.94
450,20241201,2,2,217701.86,119206.55,4435.32,115630.17,94059.99
451,20241201,2,3,1160984.85,667984.47,5750.71,669389.79,487249.67
452,20241201,2,4,977355.5,625146.33,22750.6,650304.91,329458.57
453,20241201,2,5,699960.49,413399.13,30272.27,438282.0,256289.09
454,20241201,2,6,275620.33,160733.8,4755.03,159908.6,110131.5
455,20241201,2,7,542458.21,321796.59,12298.91,318187.13,208362.71
456,20241201,2,8,394030.06,254554.63,7919.27,262944.32,131556.16
457,20241201,3,1,142955.42,73406.42,3373.56,73267.7,66175.44
458,20241201,3,2,168546.71,94708.8,5609.52,94544.87,68228.39
459,20241201,3,3,943696.34,567204.03,6789.99,583079.68,369702.32
460,20241201,3,4,800311.63,533710.12,25713.56,547996.41,240887.95
461,20241201,3,5,552315.77,354524.62,39369.86,369572.21,158421.29
462,20241201,3,6,204060.99,126024.13,5299.51,130496.19,72737.35
463,20241201,3,7,404498.78,249590.04,15456.13,247985.34,139452.61
464,20241201,3,8,307758.91,197819.88,10389.89,194715.79,99549.14
465,20241201,4,1,81934.56,40702.37,3428.31,43894.75,37803.88
466,20241201,4,2,103758.54,54000.81,5478.73,57736.14,44279.0
467,20241201,4,3,559068.14,317993.85,6540.01,307182.68,234534.28
468,20241201,4,4,443298.25,269034.84,25695.56,288983.46,148567.85
469,20241201,4,5,338742.48,201249.71,36396.47,210227.36,101096.3
470,20241201,4,6,121051.05,70880.85,5662.1,73172.76,44508.1
471,20241201,4,7,238037.74,140742.74,15452.97,143482.06,81842.03
472,20241201,4,8,193561.42,125317.4,10138.96,129932.23,58105.06
473,20241201,5,1,35811.77,19392.65,1676.16,20685.1,14742.96
474,20241201,5,2,45476.08,27009.75,2786.0,28309.67,15680.33
475,20241201,5,3,227392.18,142098.98,3679.98,141859.96,81613.22
476,20241201,5,4,202586.27,144043.1,13797.52,155997.11,44745.65
477,20241201,5,5,147954.31,95545.37,19900.19,98899.83,32508.75
478,20241201,5,6,52221.64,32731.39,2839.8,32477.72,16650.45
479,20241201,5,7,105315.07,66468.37,7808.89,71895.48,31037.81
480,20241201,5,8,83032.09,57803.47,5214.12,56788.9,20014.5
481,20250101,1,1,223853.65,124730.47,13402.15,134813.68,85721.03
482,20250101,1,2,292381.37,177011.31,24155.76,186623.12,91214.3
483,20250101,1,3,1468482.01,962425.97,26843.36,937727.99,479212.68
484,20250101,1,4,1253307.73,866190.18,109606.32,875450.86,277511.23
485,20250101,1,5,965984.03,634096.27,158811.11,678970.7,173076.65
486,20250101,1,6,359730.26,231198.6,22581.12,247241.34,105950.54
487,20250101,1,7,679712.43,448457.25,62781.4,453816.32,168473.78
488,20250101,1,8,532458.89,370318.58,39794.64,397276.38,122345.67
489,20250101,2,1,164549.51,82738.16,3233.64,81719.26,78577.71
490,20250101,2,2,199981.49,109206.31,5195.75,113578.81,85579.43
491,20250101,2,3,1016046.25,615167.69,6346.83,618072.54,394531.73
492,20250101,2,4,869289.44,552236.53,26693.6,559628.96,290359.31
493,20250101,2,5,644973.29,374580.32,37333.55,371523.39,233059.42
494,20250101,2,6,251595.87,143614.46,5134.14,149863.98,102847.27
495,20250101,2,7,466243.64,274155.61,14296.65,283697.32,177791.38
496,20250101,2,8,371101.81,234674.89,9405.76,228944.01,127021.16
497,20250101,3,1,125838.59,66282.53,3645.54,65551.97,55910.52
498,20250101,3,2,155666.68,89393.76,6028.09,92416.33,60244.83
499,20250101,3,3,807651.23,478091.14,7102.27,472695.13,322457.82
500,20250101,3,4,707241.92,447711.46,32011.44,471244.7,227519.02
501,20250101,3,5,526236.08,340786.48,40387.76,355041.44,145061.84
502,20250101,3,6,197955.9,118617.97,6555.37,123432.88,72782.56
503,20250101,3,7,387850.84,235498.13,17907.37,234905.29,134445.34
504,20250101,3,8,276374.21,187471.87,11671.17,193680.41,77231.17
505,20250101,4,1,72620.15,36306.54,4002.79,39147.52,32310.82
506,20250101,4,2,92367.71,49705.28,6422.42,50767.96,36240.01
507,20250101,4,3,479165.22,270142.48,8334.83,277351.47,200687.91
508,20250101,4,4,408576.67,253725.18,33367.41,256580.83,121484.08
509,20250101,4,5,296661.63,181514.38,47918.99,205080.71,67228.26
510,20250101,4,6,115386.72,66025.95,6379.12,65092.71,42981.65
511,20250101,4,7,225662.24,132971.96,18994.74,133830.84,73695.54
512,20250101,4,8,168895.05,104159.54,11857.82,103392.02,52877.69
513,20250101,5,1,32078.64,17493.77,2888.53,19227.15,11696.34
514,20250101,5,2,40484.0,22804.77,4752.32,25453.5,12926.91
515,20250101,5,3,201097.82,127591.36,5324.93,131525.45,68181.53
516,20250101,5,4,180552.09,129201.02,22392.04,141351.29,28959.03
517,20250101,5,5,132026.79,85141.15,31755.57,96508.47,15130.07
518,20250101,5,6,46642.49,29783.2,4866.88,31943.14,11992.41
519,20250101,5,7,96071.82,59688.91,12521.26,65479.72,23861.65
520,20250101,5,8,73644.12,50819.12,7991.09,53036.97,14833.91
521,20250201,1,1,238305.77,129169.62,13530.59,140529.46,95605.56
522,20250201,1,2,300039.23,182143.67,21575.96,192933.67,96319.6
523,20250201,1,3,1497520.58,978807.69,27080.75,958649.84,491632.14
524,20250201,1,4,1299651.75,883925.98,108503.2,901707.82,307222.57
525,20250201,1,5,956844.55,643281.09,155982.28,725073.74,157581.18
526,20250201,1,6,345430.14,222469.48,23578.4,220932.82,99382.26
527,20250201,1,7,699675.79,467630.63,60074.08,473791.88,171971.08
528,20250201,1,8,563190.21,385642.18,40850.52,418599.24,136697.51
529,20250201,2,1,171820.74,85924.64,3831.7,90744.9,82064.4
530,20250201,2,2,202158.06,109026.58,5966.41,106935.9,87165.07
531,20250201,2,3,1034228.82,622916.1,7383.67,622711.96,403929.05
532,20250201,2,4,921265.91,595481.88,29037.62,611080.37,296746.41
533,20250201,2,5,687541.0,393967.3,44593.43,412049.34,248980.27
534,20250201,2,6,249732.74,145168.15,6431.26,149630.63,98133.33
535,20250201,2,7,478567.4,289511.16,18663.46,289452.55,170392.78
536,20250201,2,8,361775.26,232597.72,11326.56,243004.99,117850.98
537,20250201,3,1,126737.21,66265.76,4143.52,65377.74,56327.93
538,20250201,3,2,158481.16,88483.62,6672.82,88493.54,63324.72
539,20250201,3,3,834992.5,506707.63,8386.27,488070.63,319898.6
540,20250201,3,4,695628.54,444483.21,32540.72,470334.6,218604.61
541,20250201,3,5,522900.46,335096.51,48814.02,354500.66,138989.93
542,20250201,3,6,201013.32,117219.01,7149.67,122499.91,76644.64
543,20250201,3,7,380883.51,230502.26,20623.22,245240.49,129758.03
544,20250201,3,8,307935.98,198282.48,12393.14,203853.59,97260.36
545,20250201,4,1,76087.63,36373.88,3509.47,36387.82,36204.28
546,20250201,4,2,94289.14,50719.35,6137.29,52704.73,37432.5
547,20250201,4,3,521032.02,301795.77,6931.07,298747.12,212305.18
548,20250201,4,4,436458.53,265254.91,28777.45,266224.94,142426.17
549,20250201,4,5,298087.22,177385.24,38899.71,198097.31,81802.27
550,20250201,4,6,112536.68,62306.29,5992.38,63382.58,44238.01
551,20250201,4,7,230431.58,133931.86,15604.28,133838.73,80895.44
552,20250201,4,8,179609.23,116077.61,10430.5,114519.9,53101.12
553,20250201,5,1,32394.33,17865.5,2109.71,19238.85,12419.12
554,20250201,5,2,41716.56,24621.35,3517.2,26569.03,13578.01
555,20250201,5,3,213733.67,131443.02,4249.18,130694.71,78041.47
556,20250201,5,4,185112.77,128195.0,16525.68,128191.24,40392.09
557,20250201,5,5,133648.58,89414.31,26099.48,98459.7,18134.79
558,20250201,5,6,50193.34,31737.71,3872.17,34415.19,14583.46
559,20250201,5,7,101500.01,66336.91,10105.87,69650.93,25057.23
560,20250201,5,8,76669.56,53292.09,6556.43,56548.42,16821.04
561,20250301,1,1,254313.21,139727.8,15692.8,140000.75,98892.61
562,20250301,1,2,298586.46,176325.49,26424.37,185041.94,95836.6
563,20250301,1,3,1640381.02,1061175.76,31464.16,1079185.21,547741.1
564,20250301,1,4,1361309.45,950639.24,124241.23,946126.79,286428.98
565,20250301,1,5,1034723.46,701535.23,179107.95,774136.51,154080.28
566,20250301,1,6,371369.49,232049.29,24653.48,243696.65,114666.72
567,20250301,1,7,722407.4,471409.4,69349.64,482912.33,181648.36
568,20250301,1,8,583754.16,414668.41,43518.18,442723.8,125567.57
569,20250301,2,1,170989.44,84001.21,2496.9,81455.75,84491.33
570,20250301,2,2,218161.8,119537.83,4546.37,115973.66,94077.6
571,20250301,2,3,1146925.22,693804.16,5501.79,706673.0,447619.27
572,20250301,2,4,912923.16,574531.45,20239.0,593951.99,318152.71
573,20250301,2,5,664208.56,388088.29,28625.17,388242.68,247495.1
574,20250301,2,6,261780.78,149063.52,4459.94,147043.96,108257.32
575,20250301,2,7,530324.57,324054.86,12937.87,324202.86,193331.84
576,20250301,2,8,398328.44,251084.22,7869.01,256989.69,139375.21
577,20250301,3,1,136354.59,71589.22,6383.86,77087.92,58381.51
578,20250301,3,2,167936.69,91491.21,10379.66,95810.37,66065.82
579,20250301,3,3,850883.92,533516.88,12696.65,515139.07,304670.39
580,20250301,3,4,717702.82,474467.63,49469.97,480539.42,193765.22
581,20250301,3,5,524243.65,321416.78,69398.9,343893.29,133427.97
582,20250301,3,6,212283.64,125591.69,9826.6,129111.69,76865.35
583,20250301,3,7,408715.59,256979.54,28727.79,259485.26,123008.26
584,20250301,3,8,303872.82,197749.5,17710.54,199657.32,88412.78
585,20250301,4,1,79030.47,39243.09,3783.76,40324.81,36003.62
586,20250301,4,2,101654.66,53163.24,6922.03,53635.42,41569.39
587,20250301,4,3,526873.61,304963.02,8072.94,310766.28,213837.65
588,20250301,4,4,451111.31,275022.16,31137.1,299461.79,144952.05
589,20250301,4,5,317105.69,189146.45,42951.23,195922.49,85008.01
590,20250301,4,6,115788.44,66296.05,6684.67,69025.92,42807.72
591,20250301,4,7,240114.13,145295.52,17632.52,148489.18,77186.09
592,20250301,4,8,181876.59,115226.59,11235.09,124194.92,55414.91
593,20250301,5,1,32984.62,17584.58,3699.77,18484.81,11700.27
594,20250301,5,2,40918.35,23361.22,6019.82,26675.96,11537.31
595,20250301,5,3,226739.77,146517.91,7398.55,144250.43,72823.31
596,20250301,5,4,185957.23,134424.93,28292.99,138140.13,23239.31
597,20250301,5,5,140132.03,85882.26,43039.21,99260.94,11210.56
598,20250301,5,6,51405.91,32304.64,6092.54,35486.01,13008.73
599,20250301,5,7,99975.46,64332.85,17584.46,67333.08,18058.15
600,20250301,5,8,76221.72,50394.29,10319.21,53781.44,15508.22
601,20250401,1,1,247704.89,138927.57,12642.98,146900.58,96134.34
602,20250401,1,2,323950.06,186446.71,21040.4,195599.75,116462.95
603,20250401,1,3,1730013.97,1113002.02,23798.18,1123428.96,593213.77
604,20250401,1,4,1488250.28,1004151.06,104237.76,1048409.48,379861.46
605,20250401,1,5,1003892.18,661184.89,149069.88,711037.31,193637.41
606,20250401,1,6,381916.26,236329.0,21059.63,245397.15,124527.63
607,20250401,1,7,765995.71,500400.78,59962.66,541207.08,205632.27
608,20250401,1,8,594616.36,406606.64,38295.94,403486.63,149713.78
609,20250401,2,1,183805.36,93133.47,1765.85,93992.17,88906.04
610,20250401,2,2,221610.88,118400.71,2716.5,117839.49,100493.67
611,20250401,2,3,1184083.69,681169.42,3479.06,664735.83,499435.21
612,20250401,2,4,935064.55,589573.91,13553.52,591837.3,331937.12
613,20250401,2,5,711855.62,417436.85,18337.29,436626.92,276081.48
614,20250401,2,6,257683.5,148775.06,2970.44,144476.82,105938.0
615,20250401,2,7,553314.35,329344.14,8470.36,325192.83,215499.85
616,20250401,2,8,402971.61,260849.78,5278.1,252742.57,136843.73
617,20250401,3,1,136618.18,72226.01,5397.13,72890.21,58995.04
618,20250401,3,2,171955.86,94699.82,9490.58,99711.67,67765.46
619,20250401,3,3,926501.89,570258.56,10121.6,586774.33,346121.73
620,20250401,3,4,805938.9,526388.93,43985.48,540405.04,235564.49
621,20250401,3,5,565376.16,360987.35,58532.1,388844.49,145856.71
622,20250401,3,6,219955.81,132729.95,9241.43,131301.73,77984.43
623,20250401,3,7,424371.91,266034.74,24648.47,280506.65,133688.7
624,20250401,3,8,309262.81,200443.36,16517.16,209738.39,92302.29
625,20250401,4,1,81970.07,40702.29,5018.23,42657.53,36249.55
626,20250401,4,2,104021.1,54682.74,8847.53,55143.42,40490.83
627,20250401,4,3,542195.57,318534.63,10293.82,308807.19,213367.12
628,20250401,4,4,458316.93,284392.76,40038.88,286718.73,133885.29
629,20250401,4,5,334689.47,200178.48,61983.48,218479.26,72527.51
630,20250401,4,6,124508.09,72390.44,8656.57,72110.89,43461.08
631,20250401,4,7,254478.7,146699.44,24362.69,159625.36,83416.57
632,20250401,4,8,194098.0,123914.67,15322.4,126492.46,54860.93
633,20250401,5,1,35977.0,19105.11,3165.04,21160.57,13706.85
634,20250401,5,2,43761.18,25579.94,5412.16,26979.56,12769.08
635,20250401,5,3,233426.16,144387.2,6408.9,152160.31,82630.06
636,20250401,5,4,191613.16,133867.28,24776.54,136556.22,32969.34
637,20250401,5,5,140203.89,88793.07,35230.82,99647.55,16180.0
638,20250401,5,6,53006.32,32226.19,5480.15,35115.38,15299.98
639,20250401,5,7,108269.66,69002.5,15481.47,78061.2,23785.69
640,20250401,5,8,81121.49,56435.3,9609.85,56882.41,15076.34
641,20250501,1,1,272948.63,145917.86,13916.61,147540.53,113114.16
642,20250501,1,2,332108.85,199090.86,22412.45,208118.13,110605.54
643,20250501,1,3,1674793.67,1075114.87,27716.52,1093168.06,571962.28
644,20250501,1,4,1462347.94,1000860.55,107548.24,1088959.82,353939.15
645,20250501,1,5,1062606.53,707815.25,159950.51,738347.28,194840.77
646,20250501,1,6,404548.94,259463.08,22264.42,270246.46,122821.44
647,20250501,1,7,825064.43,539506.22,64818.56,563702.14,220739.65
648,20250501,1,8,579661.67,393895.13,38877.46,398478.5,146889.08
649,20250501,2,1,183585.89,90061.45,2582.15,95153.02,90942.29
650,20250501,2,2,237039.05,125089.85,4524.55,131456.14,107424.65
651,20250501,2,3,1212469.57,703412.85,5165.37,709073.79,503891.35
652,20250501,2,4,979198.54,599225.41,20802.81,602276.58,359170.32
653,20250501,2,5,710127.4,417148.42,32015.14,446717.09,260963.84
654,20250501,2,6,277310.8,164310.64,4293.75,172676.15,108706.41
655,20250501,2,7,531586.93,315536.94,12415.36,306516.29,203634.63
656,20250501,2,8,393401.08,246386.86,7884.64,259514.91,139129.58
657,20250501,3,1,142926.72,75267.54,4160.17,75747.47,63499.01
658,20250501,3,2,188245.49,102393.55,7066.98,107900.4,78784.96
659,20250501,3,3,974557.68,578177.43,8392.56,589429.77,387987.69
660,20250501,3,4,829846.81,544782.5,33908.73,543481.99,251155.58
661,20250501,3,5,570843.63,355060.85,45649.9,382977.04,170132.88
662,20250501,3,6,224022.62,137809.41,6414.48,138522.76,79798.73
663,20250501,3,7,453490.29,288761.99,18197.17,287863.26,146531.13
664,20250501,3,8,326319.82,213481.68,11877.7,211745.83,100960.44
665,20250501,4,1,87647.22,42947.05,3325.48,45070.85,41374.69
666,20250501,4,2,103938.41,54937.6,5167.73,58450.13,43833.08
667,20250501,4,3,528074.34,308703.8,6392.51,306104.32,212978.03
668,20250501,4,4,466501.7,291057.01,25244.65,301280.01,150200.04
669,20250501,4,5,337681.39,198815.75,39162.59,220585.38,99703.05
670,20250501,4,6,132462.14,75065.35,5684.3,76905.04,51712.49
671,20250501,4,7,255630.63,154615.74,15558.89,166274.72,85456.0
672,20250501,4,8,193966.22,122070.54,10445.01,127582.31,61450.67
673,20250501,5,1,37921.91,20140.13,5516.83,21385.17,12264.95
674,20250501,5,2,44803.23,26082.91,10163.5,30044.98,8556.82
675,20250501,5,3,243193.69,148648.6,11314.96,145626.83,83230.13
676,20250501,5,4,203166.12,139804.5,47108.33,159898.65,16253.29
677,20250501,5,5,139477.68,66726.27,61593.2,90354.07,11158.21
678,20250501,5,6,52313.58,31639.82,9403.14,34294.05,11270.62
679,20250501,5,7,112369.02,71442.02,25322.31,77969.62,15604.69
680,20250501,5,8,79577.39,52617.4,17930.36,59577.99,9029.63
681,20250601,1,1,268419.62,152000.32,10336.66,151213.71,106082.64
682,20250601,1,2,331545.33,193185.16,16127.39,197314.85,122232.78
683,20250601,1,3,1717833.82,1097947.68,19005.7,1083291.46,600880.44
684,20250601,1,4,1553336.93,1074117.61,77900.39,1150531.08,401318.93
685,20250601,1,5,1081848.8,732406.31,118253.44,811039.65,231189.05
686,20250601,1,6,397796.7,243639.48,16269.72,247995.06,137887.5
687,20250601,1,7,851377.91,552449.11,46732.5,542016.03,252196.3
688,20250601,1,8,599774.76,425011.7,30241.48,444135.52,144521.58
689,20250601,2,1,178630.81,87183.51,2756.46,85151.97,88690.84
690,20250601,2,2,243591.33,129695.15,4664.6,128468.98,109231.58
691,20250601,2,3,1216518.05,727660.97,5272.94,742895.66,483584.14
692,20250601,2,4,1053005.69,671956.16,22183.48,649514.46,358866.05
693,20250601,2,5,757557.86,429596.07,28648.75,461082.54,299313.04
694,20250601,2,6,275465.28,156729.74,4503.85,160041.64,114231.69
695,20250601,2,7,567896.99,336776.89,12671.82,350628.11,218448.28
696,20250601,2,8,405389.54,259466.47,8207.76,260908.69,137715.31
697,20250601,3,1,155542.44,81864.33,3614.18,79958.1,70063.93
698,20250601,3,2,189149.85,103845.98,6193.05,105504.45,79110.82
699,20250601,3,3,979080.0,586980.14,7155.54,590563.83,384944.32
700,20250601,3,4,820740.83,535225.48,29552.08,552535.58,255963.27
701,20250601,3,5,618405.59,383618.91,44552.24,408774.23,190234.44
702,20250601,3,6,219951.68,133412.68,5954.38,133698.65,80584.62
703,20250601,3,7,453944.07,288620.97,16910.22,283189.28,148412.88
704,20250601,3,8,344555.72,229434.69,11050.8,244138.2,104070.23
705,20250601,4,1,85575.91,43024.96,3310.38,42365.31,39240.57
706,20250601,4,2,112562.26,59556.67,5453.68,62687.2,47551.91
707,20250601,4,3,551824.91,322937.8,6587.06,331929.65,222300.05
708,20250601,4,4,469275.85,296010.63,27505.99,320755.9,145759.23
709,20250601,4,5,339324.17,207664.11,36938.48,228100.09,94721.58
710,20250601,4,6,131727.01,74780.37,5437.93,77632.8,51508.71
711,20250601,4,7,265562.81,157459.13,14774.33,161097.06,93329.35
712,20250601,4,8,200324.38,128878.5,9437.68,135622.04,62008.2
713,20250601,5,1,36959.65,20241.73,2619.3,21418.17,14098.62
714,20250601,5,2,48307.71,27470.6,4772.32,28904.95,16064.79
715,20250601,5,3,239178.4,149758.98,5393.93,144514.79,84025.49
716,20250601,5,4,209808.4,151235.6,23204.62,151711.41,35368.18
717,20250601,5,5,154201.68,97848.81,32955.25,114427.86,23397.62
718,20250601,5,6,58214.47,35837.36,4706.14,37338.56,17670.97
719,20250601,5,7,110151.42,70294.52,12459.3,74296.64,27397.6
720,20250601,5,8,83913.69,58711.52,8308.23,59548.33,16893.94
721,20250701,1,1,262930.25,145027.05,14615.41,152927.47,103287.79
722,20250701,1,2,328058.45,198098.21,26137.6,208923.11,103822.64
723,20250701,1,3,1851007.02,1162505.66,32350.48,1121153.89,656150.88
724,20250701,1,4,1444296.63,968727.83,128773.57,983072.05,346795.23
725,20250701,1,5,1092434.66,732784.03,175609.98,808953.74,184040.65
726,20250701,1,6,404145.73,258108.79,26950.83,265213.63,119086.11
727,20250701,1,7,810017.67,528956.58,69532.49,549435.87,211528.6
728,20250701,1,8,616782.43,435120.29,46190.29,447400.12,135471.85
729,20250701,2,1,180590.86,87811.28,4065.97,85057.47,88713.61
730,20250701,2,2,235857.7,128703.01,6416.15,132355.07,100738.54
731,20250701,2,3,1250096.86,733569.67,8347.23,718690.24,508179.96
732,20250701,2,4,1054476.38,683713.57,31321.14,660117.12,339441.67
733,20250701,2,5,770731.58,459221.33,46981.86,465988.07,264528.39
734,20250701,2,6,290216.94,172608.3,7062.63,169935.3,110546.01
735,20250701,2,7,548981.76,332869.19,18295.55,342669.9,197817.02
736,20250701,2,8,402419.94,251877.35,12622.44,255174.79,137920.15
737,20250701,3,1,144128.5,73477.48,4164.31,74890.69,66486.71
738,20250701,3,2,182583.91,104172.47,6598.24,106147.19,71813.2
739,20250701,3,3,958039.15,584662.45,8127.18,562336.44,365249.52
740,20250701,3,4,809734.75,520295.79,33468.93,518892.07,255970.03
741,20250701,3,5,578252.71,365726.12,46026.84,374749.75,166499.75
742,20250701,3,6,222161.3,134627.19,6786.0,135378.87,80748.11
743,20250701,3,7,466247.93,284254.09,19093.87,301249.56,162899.97
744,20250701,3,8,325654.79,209768.67,11918.28,219049.73,103967.84
745,20250701,4,1,84540.89,41433.85,4928.19,44812.51,38178.85
746,20250701,4,2,110484.26,58339.21,8977.09,64509.16,43167.96
747,20250701,4,3,572586.77,329281.71,10235.79,349072.31,233069.27
748,20250701,4,4,497730.6,312860.59,41286.49,311127.82,143583.52
749,20250701,4,5,334860.08,201630.89,60945.54,227651.19,72283.65
750,20250701,4,6,135559.57,75739.95,8600.69,82410.09,51218.93
751,20250701,4,7,249983.41,148058.65,22605.0,151586.29,79319.76
752,20250701,4,8,193783.41,125641.63,14979.91,137257.06,53161.87
753,20250701,5,1,38478.8,20720.35,3392.38,21105.04,14366.07
754,20250701,5,2,45115.46,26411.9,5952.63,29238.9,12750.93
755,20250701,5,3,242372.16,153929.71,7179.55,153345.09,81262.9
756,20250701,5,4,202405.56,141812.14,28015.66,153175.42,32577.76
757,20250701,5,5,142966.94,91481.83,40420.66,104446.27,11064.45
758,20250701,5,6,55816.24,35271.41,5638.47,38500.33,14906.36
759,20250701,5,7,106629.11,67152.46,15804.77,69965.64,23671.88
760,20250701,5,8,84130.08,58803.06,10851.25,62159.78,14475.77
761,20250801,1,1,264958.83,149920.17,13661.74,152225.13,101376.92
762,20250801,1,2,326189.03,193801.03,24514.33,203054.23,107873.67
763,20250801,1,3,1753188.14,1132162.97,27276.91,1101955.41,593748.26
764,20250801,1,4,1472419.02,1026586.57,108228.4,1017712.63,337604.05
765,20250801,1,5,1090038.76,728004.8,162404.41,758217.7,199629.55
766,20250801,1,6,402679.88,246167.31,22909.61,258056.41,133602.96
767,20250801,1,7,795723.51,516565.17,61521.47,557222.1,217636.87
768,20250801,1,8,607422.61,408573.95,40043.69,418724.4,158804.97
769,20250801,2,1,186184.03,95015.56,3964.8,99395.26,87203.67
770,20250801,2,2,221579.44,119097.87,7168.55,117957.32,95313.02
771,20250801,2,3,1204752.91,716432.29,7924.98,683930.0,480395.64
772,20250801,2,4,970366.37,624493.11,31762.25,607024.24,314111.01
773,20250801,2,5,724189.68,420485.71,48001.54,449538.4,255702.43
774,20250801,2,6,286075.16,169580.09,6684.11,179144.45,109810.96
775,20250801,2,7,528843.97,311064.42,19069.35,318442.52,198710.2
776,20250801,2,8,421665.5,271836.3,12260.16,286352.95,137569.04
777,20250801,3,1,154952.6,80124.38,6755.3,79392.95,68072.92
778,20250801,3,2,193192.61,109365.37,10618.57,112749.45,73208.67
779,20250801,3,3,928994.46,576986.83,12642.15,553747.98,339365.48
780,20250801,3,4,845987.51,552271.38,52629.05,558447.52,241087.08
781,20250801,3,5,580931.82,363918.35,77523.74,383980.84,139489.73
782,20250801,3,6,233549.14,139407.61,10555.25,138344.09,83586.28
783,20250801,3,7,429976.67,265418.04,32340.16,284070.23,132218.47
784,20250801,3,8,338177.35,219589.65,20476.99,230032.64,98110.71
785,20250801,4,1,85501.04,41921.05,4977.03,42089.18,38602.96
786,20250801,4,2,108548.94,56051.84,8391.06,60692.32,44106.04
787,20250801,4,3,549903.72,325357.25,9757.1,340873.77,214789.37
788,20250801,4,4,490894.0,305731.5,42008.43,317004.46,143154.07
789,20250801,4,5,351908.87,209094.61,59619.92,228190.78,83194.34
790,20250801,4,6,133174.61,75374.17,8367.81,75502.83,49432.63
791,20250801,4,7,253224.31,145981.24,23551.03,156643.89,83692.04
792,20250801,4,8,198409.95,122403.14,14846.78,123852.36,61160.03
793,20250801,5,1,36200.43,19569.07,5331.35,20463.24,11300.01
794,20250801,5,2,45312.18,25530.98,8795.89,29449.4,10985.31
795,20250801,5,3,243172.58,150447.04,10022.36,160946.91,82703.18
796,20250801,5,4,198497.15,139063.72,41495.39,151957.74,17938.04
797,20250801,5,5,145051.6,73640.98,59806.49,91926.4,11604.13
798,20250801,5,6,54723.24,34832.59,8678.69,38843.18,11211.96
799,20250801,5,7,108288.37,70950.88,25651.06,80260.3,11686.43
800,20250801,5,8,85361.56,57058.61,15653.87,63062.73,12649.08
801,20250901,1,1,298145.03,165809.78,9915.85,171140.52,122419.4
802,20250901,1,2,343348.86,197377.8,17730.71,201015.9,128240.35
803,20250901,1,3,1780727.95,1153321.78,19946.1,1169952.17,607460.07
804,20250901,1,4,1556170.54,1065878.45,78096.3,1065280.64,412195.79
805,20250901,1,5,1134517.52,746332.96,117131.35,752647.83,271053.21
806,20250901,1,6,433555.63,277976.1,17202.61,279086.59,138376.92
807,20250901,1,7,838099.83,533995.31,48508.97,535706.7,255595.55
808,20250901,1,8,668022.84,463850.3,30898.71,485494.48,173273.83
809,20250901,2,1,186003.18,95391.35,2189.22,95968.2,88422.61
810,20250901,2,2,243187.85,128288.96,3741.6,134268.86,111157.29
811,20250901,2,3,1223636.48,702842.33,4077.93,720851.63,516716.22
812,20250901,2,4,1026271.72,651813.48,18014.35,633179.48,356443.89
813,20250901,2,5,776484.17,437392.01,25352.39,426951.55,313739.77
814,20250901,2,6,289947.96,171178.29,3799.89,166162.24,114969.78
815,20250901,2,7,577794.52,345462.3,9876.56,336839.14,222455.66
816,20250901,2,8,432637.04,282891.71,6301.19,272087.48,143444.14
817,20250901,3,1,152536.07,80546.05,1879.37,80677.57,70110.65
818,20250901,3,2,197105.24,107835.66,3078.6,109669.19,86190.98
819,20250901,3,3,1005870.45,631958.75,3631.44,630515.65,370280.26
820,20250901,3,4,897753.89,582460.32,14341.3,558301.5,300952.27
821,20250901,3,5,625207.67,405376.92,20594.03,420343.3,199236.72
822,20250901,3,6,239816.74,147181.33,3170.89,150576.0,89464.52
823,20250901,3,7,455909.22,288979.48,8946.28,290894.04,157983.46
824,20250901,3,8,344801.4,227043.72,5502.19,223538.56,112255.49
825,20250901,4,1,92864.1,44610.36,4860.9,46868.29,43392.84
826,20250901,4,2,112809.7,58131.2,8049.98,61787.27,46628.52
827,20250901,4,3,578051.87,336648.73,9515.79,335070.29,231887.35
828,20250901,4,4,496829.51,312898.76,35428.99,336964.18,148501.76
829,20250901,4,5,353734.9,210952.3,54139.94,222864.66,88642.66
830,20250901,4,6,133338.56,76244.51,7989.78,78447.59,49104.27
831,20250901,4,7,280632.08,163008.33,22618.62,175530.86,95005.13
832,20250901,4,8,198375.73,127445.02,13120.65,130957.98,57810.06
833,20250901,5,1,38751.24,21204.87,3107.77,23005.74,14438.6
834,20250901,5,2,47008.31,27102.98,5049.53,29949.96,14855.8
835,20250901,5,3,246306.5,152645.99,6092.2,147635.16,87568.31
836,20250901,5,4,207163.19,144767.03,24365.2,155360.68,38030.96
837,20250901,5,5,157719.68,105280.78,34409.02,121994.47,18029.88
838,20250901,5,6,59521.01,36744.93,5231.83,36989.98,17544.25
839,20250901,5,7,120261.56,77943.14,15097.63,79426.02,27220.79
840,20250901,5,8,85866.37,58760.78,8915.43,63931.51,18190.16
841,20251001,1,1,290102.8,156377.43,15931.79,165376.66,117793.58
842,20251001,1,2,364383.35,219615.47,27865.24,221235.08,116902.64
843,20251001,1,3,1894048.04,1246111.98,32083.55,1205773.82,615852.51
844,20251001,1,4,1562959.51,1037595.8,129711.6,1063257.04,395652.11
845,20251001,1,5,1138507.15,749271.55,194890.17,787694.26,194345.43
846,20251001,1,6,445412.66,288933.2,26394.41,299189.53,130085.05
847,20251001,1,7,901179.95,582141.0,75238.02,624322.57,243800.93
848,20251001,1,8,671896.15,465887.45,50461.75,493401.77,155546.95
849,20251001,2,1,201433.99,98891.52,2476.28,103985.33,100066.19
850,20251001,2,2,241705.56,130811.43,4078.62,137419.84,106815.51
851,20251001,2,3,1306996.45,761916.01,4816.55,781152.96,540263.89
852,20251001,2,4,1077703.37,694879.21,19676.37,678969.42,363147.79
853,20251001,2,5,825774.23,485355.04,26902.02,492331.25,313517.17
854,20251001,2,6,294415.01,169354.79,4216.37,165930.33,120843.85
855,20251001,2,7,590588.14,360523.69,11654.3,356909.34,218410.15
856,20251001,2,8,433426.29,285457.03,7313.27,292300.0,140655.99
857,20251001,3,1,164096.55,86120.18,1910.82,86064.11,76065.55
858,20251001,3,2,207261.72,114199.79,3019.05,110360.59,90042.88
859,20251001,3,3,1030551.35,639748.03,3849.27,669658.81,386954.05
860,20251001,3,4,931873.76,604325.22,14123.02,632175.33,313425.52
861,20251001,3,5,639796.35,405319.97,22071.29,399316.01,212405.09
862,20251001,3,6,247977.34,147802.45,2936.74,144975.29,97238.15
863,20251001,3,7,482305.4,305438.57,8311.52,322540.91,168555.31
864,20251001,3,8,376620.66,249716.5,5261.8,259967.34,121642.36
865,20251001,4,1,89601.92,45122.21,6425.32,45668.33,38054.39
866,20251001,4,2,117816.89,61004.34,10494.35,67654.4,46318.2
867,20251001,4,3,618483.9,360393.92,12631.32,365131.99,245458.66
868,20251001,4,4,531815.93,329456.78,55898.55,359930.02,146460.6
869,20251001,4,5,385214.73,231016.28,76059.36,248028.17,78139.09
870,20251001,4,6,137884.91,77969.82,11723.11,82226.25,48191.98
871,20251001,4,7,289344.62,167523.3,30065.81,175204.01,91755.51
872,20251001,4,8,211780.74,129756.72,18916.43,143009.35,63107.59
873,20251001,5,1,40602.21,21354.24,4052.53,22136.06,15195.44
874,20251001,5,2,48492.1,27468.02,6727.47,30461.64,14296.61
875,20251001,5,3,265112.24,162120.64,8364.18,166068.22,94627.42
876,20251001,5,4,218935.46,157600.82,31960.86,176614.92,29373.78
877,20251001,5,5,160444.27,102948.7,46118.23,114065.03,11377.34
878,20251001,5,6,58916.69,36195.44,6367.19,39450.75,16354.06
879,20251001,5,7,118641.46,76028.58,17968.18,83981.33,24644.7
880,20251001,5,8,93725.6,62887.69,12291.4,67750.4,18546.51
881,20251101,1,1,302755.36,166256.93,16600.18,177483.59,119898.25
882,20251101,1,2,386191.21,227035.09,28214.6,244126.74,130941.52
883,20251101,1,3,1901826.93,1190894.15,33363.95,1194384.0,677568.83
884,20251101,1,4,1692910.92,1170357.84,135544.64,1195596.78,387008.44
885,20251101,1,5,1202398.4,769876.81,186177.91,821351.69,246343.68
886,20251101,1,6,465218.85,285367.73,27011.7,283693.41,152839.42
887,20251101,1,7,913143.81,588368.91,71639.93,611449.57,253134.97
888,20251101,1,8,659669.58,446994.13,48994.83,461349.88,163680.62
889,20251101,2,1,210641.46,102780.94,1869.4,104113.63,105991.12
890,20251101,2,2,256636.74,136073.11,3086.84,138655.51,117476.79
891,20251101,2,3,1361269.47,812477.15,4148.85,845735.59,544643.47
892,20251101,2,4,1152014.08,721287.33,16339.06,718624.16,414387.69
893,20251101,2,5,829707.46,492939.84,22774.11,497189.57,313993.51
894,20251101,2,6,297397.79,171042.83,3194.36,173507.89,123160.6
895,20251101,2,7,627579.71,381577.91,8992.88,392415.34,237008.92
896,20251101,2,8,478013.1,308081.1,6204.52,301474.56,163727.48
897,20251101,3,1,175019.43,93214.38,2593.44,97546.06,79211.61
898,20251101,3,2,207732.01,117064.16,4212.83,122213.02,86455.02
899,20251101,3,3,1071089.43,670935.8,4872.25,704699.16,395281.38
900,20251101,3,4,905374.23,597057.78,19762.25,591876.34,288554.2
901,20251101,3,5,662417.96,404828.86,27954.38,401606.02,229634.72
902,20251101,3,6,261245.46,153436.47,4012.3,153836.11,103796.69
903,20251101,3,7,518481.7,314014.3,11082.99,326923.88,193384.41
904,20251101,3,8,393968.99,252857.46,7264.96,267222.53,133846.57
905,20251101,4,1,96188.49,47851.54,4783.75,51731.41,43553.2
906,20251101,4,2,125590.05,64744.93,8274.77,70459.18,52570.35
907,20251101,4,3,611305.9,352602.25,9637.3,370616.54,249066.35
908,20251101,4,4,548570.28,336244.82,39961.86,333858.79,172363.6
909,20251101,4,5,391036.72,239459.49,53587.14,264829.34,97990.09
910,20251101,4,6,145879.79,81404.65,8090.58,82907.25,56384.56
911,20251101,4,7,284815.42,166777.45,22661.51,169171.39,95376.46
912,20251101,4,8,220832.51,140632.65,14850.94,139387.23,65348.92
913,20251101,5,1,40770.12,21513.22,5238.5,23626.78,14018.4
914,20251101,5,2,49995.56,28529.82,8236.27,30944.48,13229.47
915,20251101,5,3,270215.93,165839.79,10375.87,168793.87,94000.27
916,20251101,5,4,221150.38,155985.55,41301.25,167765.23,23863.58
917,20251101,5,5,159449.23,87357.65,59335.64,111315.31,12755.94
918,20251101,5,6,60203.52,38220.77,7834.78,40183.68,14147.97
919,20251101,5,7,127913.39,80407.45,22807.54,86570.09,24698.4
920,20251101,5,8,89503.25,59860.13,15240.07,63298.67,14403.05
921,20251201,1,1,318680.28,173479.84,8196.78,174705.99,137003.66
922,20251201,1,2,413104.18,246940.71,15211.01,248696.36,150952.46
923,20251201,1,3,2071721.1,1302450.89,17437.65,1371602.73,751832.56
924,20251201,1,4,1761071.42,1222012.24,68776.01,1239602.56,470283.17
925,20251201,1,5,1281195.14,864432.9,97772.81,882103.34,318989.43
926,20251201,1,6,476770.39,301813.09,14380.71,314136.71,160576.59
927,20251201,1,7,994745.05,647685.27,38876.93,651470.76,308182.85
928,20251201,1,8,739562.29,516533.83,24630.51,548651.54,198397.95
929,20251201,2,1,215440.57,106830.65,1179.15,112553.53,107430.77
930,20251201,2,2,261923.77,143220.72,1940.33,137079.86,116762.72
931,20251201,2,3,1446609.69,864844.41,2525.21,908214.91,579240.07
932,20251201,2,4,1176843.17,744411.91,9343.09,760838.72,423088.17
933,20251201,2,5,889507.52,525431.96,12944.81,551556.05,351130.75
934,20251201,2,6,312846.94,183319.43,1893.25,190718.63,127634.26
935,20251201,2,7,616576.4,369158.19,5429.71,355279.99,241988.5
936,20251201,2,8,483451.95,312838.33,3476.96,314812.47,167136.66
937,20251201,3,1,175133.9,91379.74,2132.82,87850.25,81621.34
938,20251201,3,2,214284.74,120572.14,3306.82,118659.52,90405.78
939,20251201,3,3,1127566.34,700420.36,3978.24,681652.4,423167.74
940,20251201,3,4,967556.73,627777.06,17793.99,619750.68,321985.68
941,20251201,3,5,701729.12,439233.28,25226.02,433555.7,237269.82
942,20251201,3,6,267329.54,163857.25,3627.91,161771.9,99844.38
943,20251201,3,7,523220.59,322066.58,9937.64,315944.5,191216.37
944,20251201,3,8,392230.42,264205.0,6561.38,273998.7,121464.04
945,20251201,4,1,101462.8,49204.27,4444.32,53223.45,47814.21
946,20251201,4,2,127895.37,69463.54,8134.06,72128.16,50297.77
947,20251201,4,3,680828.26,388158.0,9490.55,377885.47,283179.71
948,20251201,4,4,557419.22,344888.5,36474.2,348711.0,176056.52
949,20251201,4,5,401197.86,234301.77,54968.51,263679.1,111927.58
950,20251201,4,6,145702.97,82268.75,7547.43,88139.54,55886.79
951,20251201,4,7,291377.01,170200.26,21773.69,170041.62,99403.06
952,20251201,4,8,220867.24,140593.89,14603.84,152056.87,65669.51
953,20251201,5,1,44615.76,23628.75,2427.29,24670.1,18559.72
954,20251201,5,2,55397.28,31886.07,3719.77,32551.2,19791.44
955,20251201,5,3,278096.86,171042.6,4796.3,180833.67,102257.96
956,20251201,5,4,229020.92,167198.75,17700.89,175695.29,44121.28
957,20251201,5,5,167530.77,107912.25,25979.69,118475.93,33638.83
958,20251201,5,6,64534.36,41089.03,4014.34,44583.93,19430.99
959,20251201,5,7,124563.48,79842.88,10989.92,85099.85,33730.68
960,20251201,5,8,100568.48,67999.31,6864.03,70997.69,25705.14
